model,precision,recall,f1,roc_auc,pr_auc
sequence,0.7088324873096447,0.5732348111658456,0.6338629142078983,0.7387692787065685,0.7511726840786608
network,0.8494542717350395,0.7412151067323481,0.7916520519116099,0.8858771421685953,0.8951004984752564
sequence_network,0.81311706629055,0.7573070607553366,0.7842203706852576,0.870474845812758,0.8825996632744395
