model,precision,recall,f1,roc_auc,pr_auc
sequence,0.6812699975387645,0.5787162868492578,0.6258195794709474,0.7238212607739435,0.7233237720583371
network,0.8173547935619314,0.7325946058958812,0.772657111356119,0.8643482918686322,0.8724389741340143
sequence_network,0.8149532710280374,0.7292494250470416,0.7697230497627717,0.8652680442774793,0.8708246274883533
