model,precision,recall,f1,roc_auc,pr_auc
sequence,0.6975503753457132,0.5798029556650246,0.6332496413199427,0.7308599509335059,0.7419180280431741
network,0.848586936178177,0.7444991789819376,0.7931426572203271,0.8867758338784335,0.8961633436043002
sequence_network,0.8338246131171703,0.7431855500821019,0.7859003299183887,0.875028689479543,0.8846077642875334
