model,precision,recall,f1,roc_auc,pr_auc
sequence,0.7157434402332361,0.5643678160919541,0.6311053984575836,0.740200185209301,0.7519608734372393
network,0.8480254538648699,0.7440065681444992,0.7926178605790256,0.8856824029709327,0.8948780013207774
sequence_network,0.8275480059084195,0.7359605911330049,0.7790717886320181,0.8698036741493818,0.8775579473597603
