model,precision,recall,f1,roc_auc,pr_auc
Logistic Regression,0.8032107716209218,0.7640394088669951,0.7831355718252966,0.8707769460323447,0.8724420509206929
Random Forest,0.8261802575107297,0.632183908045977,0.7162790697674419,0.8373671988939334,0.8430863114252354
XGBoost,0.8111455108359134,0.7313628899835797,0.7691909161557725,0.8624878942870016,0.8700748740088052
MLP (sklearn),0.8567769897557131,0.7141215106732348,0.7789718789181443,0.8784900252916473,0.8895860811122203
Two-Tower MLP,0.8683253588516746,0.744991789819376,0.8019443216968626,0.895966907807979,0.9019320938570727
