model,precision,recall,f1,roc_auc,pr_auc
Logistic Regression,0.7800433839479393,0.7518293957767092,0.7656765676567657,0.856433904645434,0.8573939017160307
Random Forest,0.8043251693590412,0.6454108300229981,0.7161582183041411,0.8315779469577717,0.8377329498200392
XGBoost,0.7920036977120407,0.7164959230608404,0.7523600439077937,0.8466032680515712,0.8541073686221781
MLP,0.7988232631817154,0.7380305247752457,0.7672245164094762,0.8584700398282188,0.864745374636528
