model,precision,recall,f1,roc_auc,pr_auc
Logistic Regression,0.8032052386696537,0.7653530377668308,0.783822416547549,0.8707833325599648,0.8724584478121802
Random Forest,0.8261802575107297,0.632183908045977,0.7162790697674418,0.8373671988939334,0.8430863114252354
XGBoost,0.8111455108359134,0.7313628899835797,0.7691909161557724,0.8624878942870016,0.8700748300080582
MLP (sklearn),0.8428704566635601,0.7425287356321839,0.7895242252291576,0.8802452601237689,0.8917152184727792
Two-Tower MLP,0.856023871689668,0.7536945812807881,0.801606706252183,0.8940667911041658,0.9002615445226991
