feature,mean_abs_shap
abs_diff_37,0.11419497
product_344,0.09535292
product_182,0.09171691
product_467,0.08903666
product_126,0.08638458
product_255,0.083881035
product_355,0.08287857
product_445,0.073973946
product_105,0.070086926
product_25,0.069372505
product_398,0.06914804
product_266,0.06394961
abs_diff_272,0.06337569
product_332,0.06137151
product_435,0.05916868
product_413,0.05734797
abs_diff_433,0.05682291
product_470,0.056043655
product_202,0.05600158
product_232,0.05561975
